"id","name","rank","date"
7561046,"beans & bread shawl",1,2026-09-29
1255578,"Step by Step Sweater",2,2026-09-29
7560730,"Among the Elk Beanie",3,2026-09-29
7304956,"Cloud Sweater",4,2026-09-29
7521545,"Sandok Cable sweater",5,2026-09-29
7476198,"Roomy Raglan",6,2026-09-29
1108446,"Spirally",7,2026-09-29
7294666,"Cove Sweater/Raglan",8,2026-09-29
7560872,"Limones Sweater",9,2026-09-29
7536024,"Freckle Sweater",10,2026-09-29
7561162,"Road Trip Kerchief",11,2026-09-29
7560743,"Provisions Cowl.",12,2026-09-29
754478,"Ranunculus",13,2026-09-29
7560943,"Sara's cable knit sweater",14,2026-09-29
857493,"Oslo Hat",15,2026-09-29
7392714,"Sophie Hood",16,2026-09-29
7467169,"Frankie Sweater",17,2026-09-29
7321214,"Norma Sweater",18,2026-09-29
1258283,"Sophie Scarf",19,2026-09-29
7550774,"August Sweater",20,2026-09-29
7561183,"Changeling",1,2026-09-30
1255578,"Step by Step Sweater",2,2026-09-30
7372283,"stockinette longsleeve",3,2026-09-30
7561046,"beans & bread shawl",4,2026-09-30
7561162,"Road Trip Kerchief",5,2026-09-30
7304956,"Cloud Sweater",6,2026-09-30
7561322,"Dunia Sweater",7,2026-09-30
7521545,"Sandok Cable sweater",8,2026-09-30
7561189,"Thistle Song Sweater",9,2026-09-30
7476198,"Roomy Raglan",10,2026-09-30
7467169,"Frankie Sweater",11,2026-09-30
7465683,"Nola mitts",12,2026-09-30
754478,"Ranunculus",13,2026-09-30
7560746,"Hieroglyph Mitts",14,2026-09-30
7348947,"Sea Glass Cardigan",15,2026-09-30
1258283,"Sophie Scarf",16,2026-09-30
7536024,"Freckle Sweater",17,2026-09-30
857493,"Oslo Hat",18,2026-09-30
7560730,"Among the Elk Beanie",19,2026-09-30
7550774,"August Sweater",20,2026-09-30
7561574,"Sophelia Sweater",1,2026-10-01
7558053,"Not a Raccoon",2,2026-10-01
1255578,"Step by Step Sweater",3,2026-10-01
7372283,"stockinette longsleeve",4,2026-10-01
7561575,"Ripples and Rain",5,2026-10-01
7304956,"Cloud Sweater",6,2026-10-01
7561542,"Forest Fairy Scarf",7,2026-10-01
7476198,"Roomy Raglan",8,2026-10-01
7558177,"Shimmer Shawl",9,2026-10-01
7561635,"Maple Hollow Sweater",10,2026-10-01
7561895,"Hannah Jacket",11,2026-10-01
7561576,"Copper Crest - Sweater",12,2026-10-01
7521545,"Sandok Cable sweater",13,2026-10-01
7561183,"Changeling",14,2026-10-01
7561658,"Spinster Shawlette",15,2026-10-01
7395497,"Winter Chunky Jacket",16,2026-10-01
7561613,"Rolled Raglan Light",17,2026-10-01
7536024,"Freckle Sweater",18,2026-10-01
1285522,"Lakes Pullover",19,2026-10-01
754478,"Ranunculus",20,2026-10-01
7561895,"Hannah Jacket",1,2026-10-02
7561574,"Sophelia Sweater",2,2026-10-02
1369415,"Arachne Pullover",3,2026-10-02
1255578,"Step by Step Sweater",4,2026-10-02
9799,"The Spider",5,2026-10-02
7562120,"Luz de Luna",6,2026-10-02
7562067,"Herding Piggies socks",7,2026-10-02
7304956,"Cloud Sweater",8,2026-10-02
7561908,"Crystalline Air Scarf",9,2026-10-02
7521545,"Sandok Cable sweater",10,2026-10-02
7476198,"Roomy Raglan",11,2026-10-02
7561882,"Cherry Bloom",12,2026-10-02
7562144,"Rosalind Hat",13,2026-10-02
7561869,"Brave Hearts Bloom Socks",14,2026-10-02
7561635,"Maple Hollow Sweater",15,2026-10-02
754478,"Ranunculus",16,2026-10-02
1258283,"Sophie Scarf",17,2026-10-02
7561981,"HAPPY Cardigan Maxi",18,2026-10-02
7467169,"Frankie Sweater",19,2026-10-02
7561542,"Forest Fairy Scarf",20,2026-10-02
7562296,"Harvest Mouse",1,2026-10-03
7344098,"Joinery",2,2026-10-03
7561895,"Hannah Jacket",3,2026-10-03
1255578,"Step by Step Sweater",4,2026-10-03
123848,"Snow Fooling Ski Mask",5,2026-10-03
7514920,"The Garment",6,2026-10-03
7562356,"Imogene",7,2026-10-03
1039910,"Hands",8,2026-10-03
7561574,"Sophelia Sweater",9,2026-10-03
252012,"Cowasocky",10,2026-10-03
7562443,"August Cardigan",11,2026-10-03
1232528,"Fresh Fruit",12,2026-10-03
7465646,"Would you still love me if I was a worm",13,2026-10-03
7304956,"Cloud Sweater",14,2026-10-03
7562457,"Rhea Pullover",15,2026-10-03
7498677,"Encantada Scarf",16,2026-10-03
1369415,"Arachne Pullover",17,2026-10-03
7562120,"Luz de Luna",18,2026-10-03
7521545,"Sandok Cable sweater",19,2026-10-03
7562067,"Herding Piggies socks",20,2026-10-03
7562713,"Poppy Field",1,2026-10-04
1255578,"Step by Step Sweater",2,2026-10-04
640011,"Winter Apples",3,2026-10-04
285719,"Duck Sweater #609",4,2026-10-04
123848,"Snow Fooling Ski Mask",5,2026-10-04
7304956,"Cloud Sweater",6,2026-10-04
7561895,"Hannah Jacket",7,2026-10-04
1345892,"Leaf Buds Shawl",8,2026-10-04
7514920,"The Garment",9,2026-10-04
155192,"The Queen Susan Shawl",10,2026-10-04
7561574,"Sophelia Sweater",11,2026-10-04
754478,"Ranunculus",12,2026-10-04
7521545,"Sandok Cable sweater",13,2026-10-04
1351208,"The Heart Collector shawl",14,2026-10-04
1039910,"Hands",15,2026-10-04
7392714,"Sophie Hood",16,2026-10-04
7476198,"Roomy Raglan",17,2026-10-04
7467169,"Frankie Sweater",18,2026-10-04
252012,"Cowasocky",19,2026-10-04
1258283,"Sophie Scarf",20,2026-10-04
